well,sample_name,group,concentration,concentration_unit,fill_color
A1,S001,Control,0,µM,
A2,S002,Control,0,µM,
A3,S003,Control,0,µM,
A4,S004,Control,0,µM,
A5,S005,Control,0,µM,
A6,S006,Control,0,µM,
A7,S007,Control,0,µM,
A8,S008,Control,0,µM,
A9,S009,Treatment A,15,µM,
A10,S010,Treatment A,20,µM,
A11,S011,Treatment A,25,µM,
A12,S012,Treatment A,30,µM,
A13,S013,Treatment A,5,µM,
A14,S014,Treatment A,10,µM,
A15,S015,Treatment A,15,µM,
A16,S016,Treatment A,20,µM,
A17,S017,Treatment B,25,µM,
A18,S018,Treatment B,30,µM,
A19,S019,Treatment B,5,µM,
A20,S020,Treatment B,10,µM,
A21,S021,Treatment B,15,µM,
A22,S022,Treatment B,20,µM,
A23,S023,Treatment B,25,µM,
A24,S024,Treatment B,30,µM,
B1,S025,Control,0,µM,
B2,S026,Control,0,µM,
B3,S027,Control,0,µM,
B4,S028,Control,0,µM,
B5,S029,Control,0,µM,
B6,S030,Control,0,µM,
B7,S031,Control,0,µM,
B8,S032,Control,0,µM,
B9,S033,Treatment A,15,µM,
B10,S034,Treatment A,20,µM,
B11,S035,Treatment A,25,µM,
B12,S036,Treatment A,30,µM,
B13,S037,Treatment A,5,µM,
B14,S038,Treatment A,10,µM,
B15,S039,Treatment A,15,µM,
B16,S040,Treatment A,20,µM,
B17,S041,Treatment B,25,µM,
B18,S042,Treatment B,30,µM,
B19,S043,Treatment B,5,µM,
B20,S044,Treatment B,10,µM,
B21,S045,Treatment B,15,µM,
B22,S046,Treatment B,20,µM,
B23,S047,Treatment B,25,µM,
B24,S048,Treatment B,30,µM,
C1,S049,Control,0,µM,
C2,S050,Control,0,µM,
C3,S051,Control,0,µM,
C4,S052,Control,0,µM,
C5,S053,Control,0,µM,
C6,S054,Control,0,µM,
C7,S055,Control,0,µM,
C8,S056,Control,0,µM,
C9,S057,Treatment A,15,µM,
C10,S058,Treatment A,20,µM,
C11,S059,Treatment A,25,µM,
C12,S060,Treatment A,30,µM,
C13,S061,Treatment A,5,µM,
C14,S062,Treatment A,10,µM,
C15,S063,Treatment A,15,µM,
C16,S064,Treatment A,20,µM,
C17,S065,Treatment B,25,µM,
C18,S066,Treatment B,30,µM,
C19,S067,Treatment B,5,µM,
C20,S068,Treatment B,10,µM,
C21,S069,Treatment B,15,µM,
C22,S070,Treatment B,20,µM,
C23,S071,Treatment B,25,µM,
C24,S072,Treatment B,30,µM,
D1,S073,Control,0,µM,
D2,S074,Control,0,µM,
D3,S075,Control,0,µM,
D4,S076,Control,0,µM,
D5,S077,Control,0,µM,
D6,S078,Control,0,µM,
D7,S079,Control,0,µM,
D8,S080,Control,0,µM,
D9,S081,Treatment A,15,µM,
D10,S082,Treatment A,20,µM,
D11,S083,Treatment A,25,µM,
D12,S084,Treatment A,30,µM,
D13,S085,Treatment A,5,µM,
D14,S086,Treatment A,10,µM,
D15,S087,Treatment A,15,µM,
D16,S088,Treatment A,20,µM,
D17,S089,Treatment B,25,µM,
D18,S090,Treatment B,30,µM,
D19,S091,Treatment B,5,µM,
D20,S092,Treatment B,10,µM,
D21,S093,Treatment B,15,µM,
D22,S094,Treatment B,20,µM,
D23,S095,Treatment B,25,µM,
D24,S096,Treatment B,30,µM,
E1,S097,Control,0,µM,
E2,S098,Control,0,µM,
E3,S099,Control,0,µM,
E4,S100,Control,0,µM,
E5,S101,Control,0,µM,
E6,S102,Control,0,µM,
E7,S103,Control,0,µM,
E8,S104,Control,0,µM,
E9,S105,Treatment A,15,µM,
E10,S106,Treatment A,20,µM,
E11,S107,Treatment A,25,µM,
E12,S108,Treatment A,30,µM,
E13,S109,Treatment A,5,µM,
E14,S110,Treatment A,10,µM,
E15,S111,Treatment A,15,µM,
E16,S112,Treatment A,20,µM,
E17,S113,Treatment B,25,µM,
E18,S114,Treatment B,30,µM,
E19,S115,Treatment B,5,µM,
E20,S116,Treatment B,10,µM,
E21,S117,Treatment B,15,µM,
E22,S118,Treatment B,20,µM,
E23,S119,Treatment B,25,µM,
E24,S120,Treatment B,30,µM,
F1,S121,Control,0,µM,
F2,S122,Control,0,µM,
F3,S123,Control,0,µM,
F4,S124,Control,0,µM,
F5,S125,Control,0,µM,
F6,S126,Control,0,µM,
F7,S127,Control,0,µM,
F8,S128,Control,0,µM,
F9,S129,Treatment A,15,µM,
F10,S130,Treatment A,20,µM,
F11,S131,Treatment A,25,µM,
F12,S132,Treatment A,30,µM,
F13,S133,Treatment A,5,µM,
F14,S134,Treatment A,10,µM,
F15,S135,Treatment A,15,µM,
F16,S136,Treatment A,20,µM,
F17,S137,Treatment B,25,µM,
F18,S138,Treatment B,30,µM,
F19,S139,Treatment B,5,µM,
F20,S140,Treatment B,10,µM,
F21,S141,Treatment B,15,µM,
F22,S142,Treatment B,20,µM,
F23,S143,Treatment B,25,µM,
F24,S144,Treatment B,30,µM,
G1,S145,Control,0,µM,
G2,S146,Control,0,µM,
G3,S147,Control,0,µM,
G4,S148,Control,0,µM,
G5,S149,Control,0,µM,
G6,S150,Control,0,µM,
G7,S151,Control,0,µM,
G8,S152,Control,0,µM,
G9,S153,Treatment A,15,µM,
G10,S154,Treatment A,20,µM,
G11,S155,Treatment A,25,µM,
G12,S156,Treatment A,30,µM,
G13,S157,Treatment A,5,µM,
G14,S158,Treatment A,10,µM,
G15,S159,Treatment A,15,µM,
G16,S160,Treatment A,20,µM,
G17,S161,Treatment B,25,µM,
G18,S162,Treatment B,30,µM,
G19,S163,Treatment B,5,µM,
G20,S164,Treatment B,10,µM,
G21,S165,Treatment B,15,µM,
G22,S166,Treatment B,20,µM,
G23,S167,Treatment B,25,µM,
G24,S168,Treatment B,30,µM,
H1,S169,Control,0,µM,
H2,S170,Control,0,µM,
H3,S171,Control,0,µM,
H4,S172,Control,0,µM,
H5,S173,Control,0,µM,
H6,S174,Control,0,µM,
H7,S175,Control,0,µM,
H8,S176,Control,0,µM,
H9,S177,Treatment A,15,µM,
H10,S178,Treatment A,20,µM,
H11,S179,Treatment A,25,µM,
H12,S180,Treatment A,30,µM,
H13,S181,Treatment A,5,µM,
H14,S182,Treatment A,10,µM,
H15,S183,Treatment A,15,µM,
H16,S184,Treatment A,20,µM,
H17,S185,Treatment B,25,µM,
H18,S186,Treatment B,30,µM,
H19,S187,Treatment B,5,µM,
H20,S188,Treatment B,10,µM,
H21,S189,Treatment B,15,µM,
H22,S190,Treatment B,20,µM,
H23,S191,Treatment B,25,µM,
H24,S192,Treatment B,30,µM,
I1,S193,Control,0,µM,
I2,S194,Control,0,µM,
I3,S195,Control,0,µM,
I4,S196,Control,0,µM,
I5,S197,Control,0,µM,
I6,S198,Control,0,µM,
I7,S199,Control,0,µM,
I8,S200,Control,0,µM,
I9,S201,Treatment A,15,µM,
I10,S202,Treatment A,20,µM,
I11,S203,Treatment A,25,µM,
I12,S204,Treatment A,30,µM,
I13,S205,Treatment A,5,µM,
I14,S206,Treatment A,10,µM,
I15,S207,Treatment A,15,µM,
I16,S208,Treatment A,20,µM,
I17,S209,Treatment B,25,µM,
I18,S210,Treatment B,30,µM,
I19,S211,Treatment B,5,µM,
I20,S212,Treatment B,10,µM,
I21,S213,Treatment B,15,µM,
I22,S214,Treatment B,20,µM,
I23,S215,Treatment B,25,µM,
I24,S216,Treatment B,30,µM,
J1,S217,Control,0,µM,
J2,S218,Control,0,µM,
J3,S219,Control,0,µM,
J4,S220,Control,0,µM,
J5,S221,Control,0,µM,
J6,S222,Control,0,µM,
J7,S223,Control,0,µM,
J8,S224,Control,0,µM,
J9,S225,Treatment A,15,µM,
J10,S226,Treatment A,20,µM,
J11,S227,Treatment A,25,µM,
J12,S228,Treatment A,30,µM,
J13,S229,Treatment A,5,µM,
J14,S230,Treatment A,10,µM,
J15,S231,Treatment A,15,µM,
J16,S232,Treatment A,20,µM,
J17,S233,Treatment B,25,µM,
J18,S234,Treatment B,30,µM,
J19,S235,Treatment B,5,µM,
J20,S236,Treatment B,10,µM,
J21,S237,Treatment B,15,µM,
J22,S238,Treatment B,20,µM,
J23,S239,Treatment B,25,µM,
J24,S240,Treatment B,30,µM,
K1,S241,Control,0,µM,
K2,S242,Control,0,µM,
K3,S243,Control,0,µM,
K4,S244,Control,0,µM,
K5,S245,Control,0,µM,
K6,S246,Control,0,µM,
K7,S247,Control,0,µM,
K8,S248,Control,0,µM,
K9,S249,Treatment A,15,µM,
K10,S250,Treatment A,20,µM,
K11,S251,Treatment A,25,µM,
K12,S252,Treatment A,30,µM,
K13,S253,Treatment A,5,µM,
K14,S254,Treatment A,10,µM,
K15,S255,Treatment A,15,µM,
K16,S256,Treatment A,20,µM,
K17,S257,Treatment B,25,µM,
K18,S258,Treatment B,30,µM,
K19,S259,Treatment B,5,µM,
K20,S260,Treatment B,10,µM,
K21,S261,Treatment B,15,µM,
K22,S262,Treatment B,20,µM,
K23,S263,Treatment B,25,µM,
K24,S264,Treatment B,30,µM,
L1,S265,Control,0,µM,
L2,S266,Control,0,µM,
L3,S267,Control,0,µM,
L4,S268,Control,0,µM,
L5,S269,Control,0,µM,
L6,S270,Control,0,µM,
L7,S271,Control,0,µM,
L8,S272,Control,0,µM,
L9,S273,Treatment A,15,µM,
L10,S274,Treatment A,20,µM,
L11,S275,Treatment A,25,µM,
L12,S276,Treatment A,30,µM,
L13,S277,Treatment A,5,µM,
L14,S278,Treatment A,10,µM,
L15,S279,Treatment A,15,µM,
L16,S280,Treatment A,20,µM,
L17,S281,Treatment B,25,µM,
L18,S282,Treatment B,30,µM,
L19,S283,Treatment B,5,µM,
L20,S284,Treatment B,10,µM,
L21,S285,Treatment B,15,µM,
L22,S286,Treatment B,20,µM,
L23,S287,Treatment B,25,µM,
L24,S288,Treatment B,30,µM,
M1,S289,Control,0,µM,
M2,S290,Control,0,µM,
M3,S291,Control,0,µM,
M4,S292,Control,0,µM,
M5,S293,Control,0,µM,
M6,S294,Control,0,µM,
M7,S295,Control,0,µM,
M8,S296,Control,0,µM,
M9,S297,Treatment A,15,µM,
M10,S298,Treatment A,20,µM,
M11,S299,Treatment A,25,µM,
M12,S300,Treatment A,30,µM,
M13,S301,Treatment A,5,µM,
M14,S302,Treatment A,10,µM,
M15,S303,Treatment A,15,µM,
M16,S304,Treatment A,20,µM,
M17,S305,Treatment B,25,µM,
M18,S306,Treatment B,30,µM,
M19,S307,Treatment B,5,µM,
M20,S308,Treatment B,10,µM,
M21,S309,Treatment B,15,µM,
M22,S310,Treatment B,20,µM,
M23,S311,Treatment B,25,µM,
M24,S312,Treatment B,30,µM,
N1,S313,Control,0,µM,
N2,S314,Control,0,µM,
N3,S315,Control,0,µM,
N4,S316,Control,0,µM,
N5,S317,Control,0,µM,
N6,S318,Control,0,µM,
N7,S319,Control,0,µM,
N8,S320,Control,0,µM,
N9,S321,Treatment A,15,µM,
N10,S322,Treatment A,20,µM,
N11,S323,Treatment A,25,µM,
N12,S324,Treatment A,30,µM,
N13,S325,Treatment A,5,µM,
N14,S326,Treatment A,10,µM,
N15,S327,Treatment A,15,µM,
N16,S328,Treatment A,20,µM,
N17,S329,Treatment B,25,µM,
N18,S330,Treatment B,30,µM,
N19,S331,Treatment B,5,µM,
N20,S332,Treatment B,10,µM,
N21,S333,Treatment B,15,µM,
N22,S334,Treatment B,20,µM,
N23,S335,Treatment B,25,µM,
N24,S336,Treatment B,30,µM,
O1,S337,Control,0,µM,
O2,S338,Control,0,µM,
O3,S339,Control,0,µM,
O4,S340,Control,0,µM,
O5,S341,Control,0,µM,
O6,S342,Control,0,µM,
O7,S343,Control,0,µM,
O8,S344,Control,0,µM,
O9,S345,Treatment A,15,µM,
O10,S346,Treatment A,20,µM,
O11,S347,Treatment A,25,µM,
O12,S348,Treatment A,30,µM,
O13,S349,Treatment A,5,µM,
O14,S350,Treatment A,10,µM,
O15,S351,Treatment A,15,µM,
O16,S352,Treatment A,20,µM,
O17,S353,Treatment B,25,µM,
O18,S354,Treatment B,30,µM,
O19,S355,Treatment B,5,µM,
O20,S356,Treatment B,10,µM,
O21,S357,Treatment B,15,µM,
O22,S358,Treatment B,20,µM,
O23,S359,Treatment B,25,µM,
O24,S360,Treatment B,30,µM,
P1,S361,Control,0,µM,
P2,S362,Control,0,µM,
P3,S363,Control,0,µM,
P4,S364,Control,0,µM,
P5,S365,Control,0,µM,
P6,S366,Control,0,µM,
P7,S367,Control,0,µM,
P8,S368,Control,0,µM,
P9,S369,Treatment A,15,µM,
P10,S370,Treatment A,20,µM,
P11,S371,Treatment A,25,µM,
P12,S372,Treatment A,30,µM,
P13,S373,Treatment A,5,µM,
P14,S374,Treatment A,10,µM,
P15,S375,Treatment A,15,µM,
P16,S376,Treatment A,20,µM,
P17,S377,Treatment B,25,µM,
P18,S378,Treatment B,30,µM,
P19,S379,Treatment B,5,µM,
P20,S380,Treatment B,10,µM,
P21,S381,Treatment B,15,µM,
P22,S382,Treatment B,20,µM,
P23,S383,Treatment B,25,µM,
P24,S384,Treatment B,30,µM,
